id,name,age,gender,location,salary,dept
1,Rhett,53,Male,Raga,17699,d02
2,Marianne,60,Female,Igoumenítsa,33425,d05
3,Rana,38,Female,Gubeikou,64604,d05
4,Ambrosi,15,Male,Apeldoorn,04552,d04
5,Leland,46,Female,Santo António da Charneca,07865,d02
6,Karena,04,Female,Little Rock,03970,d05
7,Newton,41,Male,Toulon,25734,d05
8,Cybil,37,Female,Youkounkoun,51854,d05
9,Albie,91,Male,Jiangfeng,42153,d05
10,Ashton,03,Male,Di Linh,07192,d05
11,Albrecht,44,Male,Binhe,01709,d05
12,Otha,26,Female,Iriga City,06789,d04
13,Jere,78,Male,Jetak,13194,d05
14,Kristen,19,Female,Banamba,59865,d01
15,Malynda,10,Female,Zhangjiawan,86432,d05
16,Brook,61,Male,Montbéliard,44571,d04
17,Jacinda,00,Female,São Tomé,67783,d05
18,Merrill,44,Female,Leśnica,90978,d05
19,Winne,70,Female,Nýřany,24376,d05
20,Bartholomew,14,Male,Dongming,30158,d05
21,Briant,40,Male,Cap-Santé,86165,d04
22,Hanson,93,Male,Taza,17288,d05
23,Ferdie,14,Male,Beddeng,68221,d03
24,Kerby,72,Male,El Pino,59865,d01
25,Alexandros,13,Male,Semampir,04740,d02
26,Joey,01,Male,Novouzensk,69022,d04
27,Vilhelmina,30,Female,Del Valle,26259,d05
28,Kit,96,Male,Sioguí Abajo,93409,d04
29,Blaine,33,Male,Shipaidong,24780,d05
30,Brigida,31,Female,Kuruman,87877,d05
31,Nikoletta,20,Female,Ballyboden,80935,d04
32,Alfred,78,Male,San Juan Ermita,01744,d04
33,Thadeus,49,Male,Siborong-borong,96809,d05
34,Ulrike,68,Female,Rangpur,14042,d03
35,Chas,72,Male,Haihui,01901,d02
36,Merrill,89,Male,Gornja Koprivna,71194,d05
37,Nickolas,28,Male,Novokubansk,94021,d04
38,Blondelle,10,Female,Mariel,89227,d04
39,Cornelia,31,Female,Ping’an,10831,d01
40,Benedicto,58,Male,Amparita,52776,d05
41,Kennan,48,Male,Bélel,97620,d05
42,Dita,11,Female,Luwu,50835,d05
43,Marnie,96,Female,Metlika,77975,d05
44,Jess,55,Female,Cimişlia,23054,d05
45,Vida,68,Female,Ndeaboh,98824,d04
46,Deni,65,Female,Karangdalam,52264,d05
47,Abby,58,Female,Ongi,55651,d05
48,Dillie,68,Male,Shihuiyao,95841,d03
49,Jacquelyn,00,Female,Xianyan,83865,d03
50,Reinald,11,Male,Daxi,80185,d04
51,Melba,72,Female,Yabrūd,67753,d05
52,Melinde,25,Female,Mīrpur Sakro,10694,d02
53,Melitta,19,Female,Tawangrejo,70557,d01
54,Dagny,90,Male,Kabarnet,93643,d01
55,Shirlee,41,Female,Paka,62176,d04
56,Alikee,45,Female,Zhuangbian,03626,d05
57,Nicolas,41,Male,Lima Pampa,49780,d05
58,Rey,71,Female,Lökbatan,85296,d05
59,Jacinda,14,Female,Glinka,35099,d01
60,Derril,17,Male,Maromitsa,40718,d04
61,Adrea,70,Female,Dallas,34099,d05
62,Carling,15,Male,Kallíthiron,94487,d01
63,Teodoro,52,Male,Nam Đàn,24174,d05
64,Delano,49,Male,Derbur,16332,d01
65,Alleyn,81,Male,Oslo,81920,d05
66,Ferguson,42,Male,Halamendu,30643,d05
67,Godard,26,Male,Thiès Nones,38771,d04
68,Vivie,47,Female,Yatsuomachi-higashikumisaka,56158,d02
69,Madelin,76,Female,Kuafeu,71729,d05
70,Robbie,97,Female,Hostěradice,10952,d04
71,Bert,01,Female,Vranisht,32855,d01
72,Forest,66,Male,Saint-Denis,19737,d03
73,Hillie,74,Male,Ji Paraná,65779,d05
74,Georgine,14,Female,Yanac,84377,d05
75,Yasmeen,65,Female,L'Île-Perrot,26259,d02
76,Jammal,26,Male,Ifanadiana,24611,d05
77,Ferguson,69,Male,Strömsund,66162,d03
78,Remus,84,Male,Nachalovo,26048,d03
79,Micki,48,Female,Cubará,93675,d04
80,Reagan,14,Male,Río Cuarto,59171,d04
81,Merissa,12,Female,Perelhal,87805,d04
82,Rem,82,Male,Tukhlya,76731,d05
83,Cassie,31,Male,Sardasht,58043,d01
84,Raddy,36,Male,Remedios,53196,d05
85,Ben,75,Male,Esil,82852,d05
86,Luciano,59,Male,Santa Cruz Cabrália,83423,d05
87,Tabbi,07,Female,Kinkala,21152,d02
88,Royce,20,Male,Shache,62778,d05
89,Deina,26,Female,Sofiyivka,57042,d04
90,Ephrem,02,Male,Mosina,52944,d05
91,Ignace,66,Male,Ashton,71444,d04
92,Crysta,31,Female,Bordeaux,54269,d05
93,Lotta,49,Female,Gaojingzhuang,12168,d05
94,Devora,22,Female,Guazapa,92678,d05
95,Donica,35,Female,Kosakowo,62213,d04
96,Sharona,11,Female,Eaubonne,40793,d05
97,Regine,23,Female,Kota Kinabalu,16781,d01
98,Wendy,67,Female,Banyumas,23200,d05
99,Marcela,66,Female,Aldeia de Além,94036,d04
100,Ellis,82,Male,Adelaide,50285,d01
101,Valerye,45,Female,Alapayevsk,81715,d04
102,Constantine,86,Male,Villa María,41553,d03
103,Frazer,51,Male,Pajaten,83677,d05
104,Koo,41,Female,Timbó,94997,d05
105,Rich,22,Male,Maronge,06483,d05
106,Nita,51,Female,Xinjie,25872,d05
107,Willetta,88,Female,Zevgolateió,39129,d05
108,Gabby,90,Male,Karlstad,71898,d05
109,Georgetta,84,Female,Armenia,07131,d02
110,Luz,63,Female,Arcangel,40982,d04
111,Domenico,70,Male,Pigeiros,81687,d05
112,Taddeo,23,Male,San Vicente,30369,d03
113,Graig,38,Male,Conselheiro Lafaiete,72996,d02
114,Sibylle,00,Female,Tajao,67632,d04
115,Rikki,22,Female,Niš,84774,d05
116,Ray,11,Male,Ribeirão,90636,d01
117,Caz,13,Male,Huazhuang,58763,d05
118,Aarika,71,Female,Bender,78062,d03
119,Abe,36,Male,Daxindian,40971,d05
120,Vidovik,18,Male,Hamada,43142,d05
121,Yolande,49,Female,Cikoneng,23784,d05
122,Kelila,60,Female,Sennoy,30572,d04
123,Zared,52,Male,Peyima,96893,d04
124,Nannette,87,Female,Oslo,07572,d04
125,Kerianne,78,Female,Komsomol’sk,03483,d04
126,Matthaeus,74,Male,Toledo,23126,d05
127,Inglis,84,Male,Nariño,64366,d04
128,Joachim,79,Male,Arjasari,47665,d04
129,Carroll,22,Female,Payaman,60871,d05
130,Mal,71,Male,Oliver,65404,d04
131,Hewitt,50,Male,Chervonohryhorivka,63898,d04
132,Roby,49,Female,Xiangqiao,10584,d01
133,Gabbi,91,Female,Austin,99907,d01
134,Chas,48,Male,Yunmenling,70155,d05
135,Odessa,86,Female,Qal‘at al Andalus,26529,d05
136,Hiram,02,Male,Fengshan,61861,d01
137,Isis,10,Female,Salacgrīva,84287,d04
138,Siobhan,60,Female,San Casimiro,19646,d05
139,Pedro,93,Male,Dalarik,68769,d04
140,Kissie,68,Female,Kaytitinga,02507,d05
141,Barnabe,08,Male,Kwidzyn,63133,d05
142,Tobiah,16,Male,Huotong,45838,d04
143,Rodi,22,Female,Mujur Satu,69489,d04
144,Emma,99,Female,Malabor,35704,d04
145,Min,11,Female,Pingxiang,81731,d05
146,Brandi,28,Female,Waipukang,36012,d05
147,Sharyl,53,Female,Staryy Oskol,10907,d04
148,Cara,55,Female,Junchuan,53673,d05
149,Kali,29,Female,Sanya,00850,d05
150,Shae,63,Male,Qinglin,68522,d04
151,Kelli,56,Female,Vila Maior,71515,d02
152,Amory,49,Male,Kiryandongo,07508,d05
153,Gilberto,35,Male,Gutang,82935,d04
154,Jules,44,Male,Daxi,77694,d03
155,Ellwood,19,Male,Bonn,45400,d04
156,Sylvan,79,Male,Mainz,50388,d03
157,Trudy,55,Female,Usol’ye,68142,d03
158,Caryn,38,Female,Gradec,18733,d05
159,Candy,91,Female,Huolianpo,94039,d05
160,Sheff,57,Male,Şaḩneh,90939,d05
161,Koren,87,Female,Mirzāpur,41139,d05
162,Alix,09,Female,Çalxanqala,37187,d05
163,Darelle,76,Female,Dimitrovgrad,31793,d05
164,Alvera,89,Female,Lukou,34182,d05
165,Alexa,93,Female,Bergen,31620,d04
166,Tomi,51,Female,Marādah,27989,d02
167,Yoshiko,18,Female,Maimará,99761,d05
168,Alano,72,Male,Mandal,99747,d05
169,Neil,70,Male,Täby,97280,d05
170,Klemens,83,Male,Huji,51369,d01
171,Rona,00,Female,Jianshan,35441,d04
172,Rianon,46,Female,Ape,64621,d05
173,Lem,24,Male,Puerto Cabezas,32630,d05
174,Brewer,86,Male,Châteaurenard,82824,d05
175,Samuel,78,Male,Bellavista,72537,d01
176,Inglebert,06,Male,Xinhua,48506,d05
177,Tara,84,Female,Samboan,25967,d05
178,Lloyd,52,Male,Ojos de Agua,04689,d02
179,Cal,71,Male,Shofirkon,98471,d05
180,Biddy,86,Female,Sergach,83338,d05
181,Hewet,97,Male,Xin’an,97743,d03
182,Tabbi,74,Female,Huangdu,01912,d03
183,Beulah,22,Female,Rancapare,20300,d02
184,Jenda,14,Female,Soledar,20953,d05
185,Simone,04,Male,Soeng Sang,49420,d05
186,Thorin,71,Male,Dikhil,40839,d04
187,Vickie,50,Female,Rakek,81979,d05
188,Elias,50,Male,Złotniki,29684,d05
189,Fern,79,Female,Dadiharja,75615,d05
190,Antonin,88,Male,Poteran,67764,d03
191,Ninnetta,91,Female,Curug,21896,d04
192,Chad,42,Female,Owo,82830,d01
193,Theda,00,Female,Cikadondongdesa,07344,d05
194,Henriette,16,Female,Velingrad,06358,d04
195,Nolan,18,Male,Itaituba,77314,d05
196,Marina,65,Female,Acopampa,72371,d03
197,Halimeda,34,Female,Nóvita,74403,d05
198,Artus,37,Male,West End,09658,d05
199,Alena,29,Female,Načeradec,74646,d05
200,Glen,42,Male,Banyutengah,90103,d05
201,Boycey,17,Male,Muroran,82843,d05
202,Temp,68,Male,Langjun,83839,d03
203,Liva,46,Female,Pimian,26088,d05
204,Dollie,10,Female,Aguachica,40227,d03
205,Siobhan,35,Female,Syamzha,04398,d01
206,Jarid,69,Male,Solidaridad,41486,d04
207,Geordie,20,Male,Ağdam,55748,d05
208,Laughton,71,Male,Kampong Thom,30368,d05
209,Valerye,50,Female,Riosucio,12115,d04
210,Wren,08,Female,Ilmajoki,39713,d05
211,Isaac,33,Male,Thakhèk,08550,d03
212,Parke,29,Male,Cipaku,74159,d05
213,Issiah,21,Male,Bāgh-e Malek,16122,d05
214,Murdock,53,Male,Kashima,40884,d05
215,Frederigo,02,Male,Rogoza,46474,d05
216,Haven,45,Male,Tiandeng,78905,d03
217,Goddard,78,Male,Xinfeng,28967,d04
218,Geralda,24,Female,Yantian,30121,d04
219,Fernande,35,Female,Taouloukoult,92600,d05
220,Chet,49,Male,Linstead,17639,d05
221,Elden,15,Male,Koktal,62459,d05
222,Sigrid,83,Female,Kisanga,61240,d05
223,Bill,15,Male,Itatiba,94333,d04
224,Korney,67,Female,Zomba,81258,d05
225,Tim,82,Male,Tumpukrenteng,55673,d05
226,Faydra,35,Female,Krzemieniewo,48946,d05
227,Farrand,54,Female,Zaklików,39113,d05
228,Thane,06,Male,Nowosielce-Gniewosz,65406,d03
229,Philomena,88,Female,Souran,24955,d04
230,Laurice,68,Female,Inglewood,78103,d03
231,Arline,62,Female,Biliran,53240,d05
232,Cherianne,33,Female,Senahú,17169,d05
233,Jarret,07,Male,Itu,91040,d05
234,Willow,42,Female,Limbe,95735,d05
235,Jeannie,79,Female,Xianren,94333,d05
236,Robenia,76,Female,Dashu,09359,d05
237,Catharina,20,Female,Jianggezhuang,59694,d04
238,Armand,09,Male,Shengli,58026,d01
239,Analiese,95,Female,Miskolc,64660,d04
240,Danielle,82,Female,Dahay,14898,d05
241,Burr,30,Male,Xichuan,15357,d05
242,Lonee,49,Female,Tinampo,22540,d05
243,Kinnie,54,Male,Gaspar Hernández,78584,d03
244,Gunner,82,Male,Cool űrhajó,52104,d04
245,Rhianna,93,Female,Xingyuan,76724,d02
246,Ephrem,30,Male,Lentisqueira,06811,d05
247,Thea,12,Female,Liurenba,29768,d04
248,Vivi,10,Female,Baganha,51166,d03
249,Bertine,63,Female,Kotabaru,37666,d05
250,Marnia,94,Female,Murmansk,99123,d05
251,Lurette,40,Female,Ostankinskiy,78573,d05
252,Olive,48,Female,El Paso,06436,d05
253,Letitia,88,Female,Xinhe,73319,d04
254,Delbert,21,Male,Chugur,34985,d01
255,Ilyssa,47,Female,Pau,87215,d05
256,Ralph,68,Male,Itajuípe,61690,d05
257,Josephina,20,Female,Paprotnia,09881,d03
258,Steffane,60,Female,El Limon,49860,d05
259,Rhett,71,Male,Arfará,94909,d04
260,Ely,82,Male,Zhuge,84314,d04
261,Carroll,48,Male,Fushun,00601,d02
262,Lyn,30,Male,Thị Trấn Thọ Xuân,85477,d05
263,Domingo,98,Male,Muslyumovo,04586,d05
264,Trent,32,Male,Weihe,93989,d04
265,Celia,22,Female,Ron Phibun,03103,d05
266,Gabe,39,Male,Kulutan,24592,d04
267,Bethanne,74,Female,Baopukang,84371,d03
268,Dew,29,Male,Nama,92263,d03
269,Wally,31,Female,Beixin,36950,d05
270,Jesse,62,Male,Takeo,88217,d04
271,Rosene,45,Female,Sinop,65099,d04
272,Godwin,24,Male,Na Khu,48640,d05
273,Shandeigh,28,Female,Ullubiyaul,13653,d01
274,Ethe,18,Male,Jorok Dalam,12900,d05
275,Ronna,73,Female,Looc,99979,d04
276,Sibylla,28,Female,Sibanicú,58613,d05
277,Page,79,Female,Funafuti,88274,d03
278,Mic,10,Male,Bengubelan,66332,d05
279,Quillan,40,Male,Chidian,03523,d04
280,Merlina,71,Female,Nuoxizhi,62366,d02
281,Prince,08,Male,Qingnianlu,87623,d03
282,Corny,29,Female,Caimitillo,92040,d05
283,Merry,05,Male,Kalajoki,44119,d04
284,Sterling,54,Male,Verkhniye Osel’ki,91922,d04
285,Saw,41,Male,Sidem,60040,d05
286,George,80,Male,Akashi,62058,d04
287,Evania,48,Female,Jiantian,50197,d05
288,Bart,34,Male,Levashi,30969,d05
289,Vanny,84,Female,Mizunami,07609,d04
290,Carma,34,Female,Loen,72344,d05
291,Amata,10,Female,Obernai,14048,d05
292,Otto,17,Male,Sirib,63816,d05
293,Meriel,25,Female,Antimácheia,94759,d05
294,Trueman,51,Male,Quchomo,24803,d04
295,Marillin,68,Female,Boden,29743,d01
296,Elmore,44,Male,Kotabumi,18208,d04
297,Vidovik,83,Male,Wotan,42006,d05
298,Baily,57,Male,Vođinci,16455,d05
299,Cesare,11,Male,Sundsvall,49655,d04
300,Adel,98,Female,Ban Chalong,26656,d05
301,Madison,00,Male,Qixingtai,56055,d05
302,Kathy,66,Female,Azacualpa,63492,d05
303,Heda,07,Female,Roodepoort,28801,d05
304,Tucky,85,Male,Santo André,05625,d04
305,Sarita,01,Female,Tegalsari,01699,d05
306,Chico,58,Male,Basel,88563,d03
307,Crysta,49,Female,Shuiying,01010,d04
308,Francesco,97,Male,Shuishi,76140,d05
309,Gwendolyn,17,Female,Grand Bois,55550,d01
310,Wenona,92,Female,Claveria,80547,d02
311,Rod,33,Male,Minggang,43865,d03
312,Darsey,70,Female,Qingfenglin,82006,d05
313,Cicely,87,Female,Kępno,99794,d05
314,Parsifal,22,Male,Caeté,89627,d03
315,Oliviero,17,Male,Liudaogou,25386,d04
316,Hayyim,34,Male,Lebak,52303,d05
317,Elvis,79,Male,Curahnongko,39942,d05
318,Alejoa,61,Male,Nanyang,31548,d05
319,Niccolo,62,Male,Binjiang,22887,d04
320,Lamont,09,Male,Aqtöbe,43470,d03
321,Edythe,36,Female,Gaillac,03080,d05
322,Florry,87,Female,Langxi,78066,d03
323,Adah,21,Female,Klau,94116,d05
324,Geordie,78,Male,Gnojnica,21256,d05
325,Stearne,88,Male,Shuiquan,73646,d05
326,Marshal,35,Male,Jiangfang,35324,d05
327,Kelley,61,Female,Lipljan,40006,d05
328,Astra,09,Female,Taganrog,69503,d05
329,Maighdiln,97,Female,Golovchino,90602,d05
330,Marcellina,50,Female,Ponikiew,28284,d03
331,Lexis,60,Female,Bergen,36878,d04
332,Aviva,68,Female,Vårby,29984,d05
333,Pauletta,18,Female,Sedayu,59140,d05
334,Hillier,73,Male,Oral,67762,d03
335,Minette,37,Female,Spokoynaya,76684,d05
336,Jacki,47,Female,Kalisangkrah Lor,25061,d04
337,Kristian,35,Male,Bantian,34640,d04
338,Renate,35,Female,Mamoudzou,21851,d04
339,Audi,20,Female,Assiniboia,27595,d04
340,Knox,32,Male,Jetak Kulon,61807,d05
341,Milissent,87,Female,Shumikhinskiy,33488,d04
342,Misty,07,Female,Guadalupe,46645,d05
343,Arabele,67,Female,Pinglin,64999,d04
344,Burgess,02,Male,Nīkêh,54452,d05
345,Bobbette,17,Female,Yola,87557,d05
346,Kip,56,Female,Shanling,88165,d04
347,Raffaello,20,Male,Trollhättan,52067,d04
348,Lannie,34,Male,Santa Cruz,33454,d01
349,Merill,65,Male,Matelândia,14378,d03
350,Agretha,82,Female,Xitou,97380,d04
351,Sonja,62,Female,Natarleba,29734,d05
352,Tiebout,06,Male,Novosineglazovskiy,41661,d05
353,Skye,72,Male,Walton,67433,d05
354,Elvera,03,Female,Sukasari,90106,d05
355,Alice,08,Female,Azurva,58077,d04
356,Aubrey,36,Male,Wonokerso,29868,d05
357,Donal,22,Male,Ilovka,50250,d02
358,Opaline,84,Female,Angoulême,23577,d04
359,Andris,76,Male,Virojoki,46663,d04
360,Honey,79,Female,Galovac,73843,d05
361,Cyrillus,83,Male,Cayara,61560,d04
362,Eliza,46,Female,Lilla Edet,01485,d05
363,Kacey,49,Female,Lukolela,81346,d03
364,Analiese,93,Female,Staryy Cherek,95896,d03
365,Hew,13,Male,Nyazepetrovsk,72094,d05
366,Gabby,24,Male,Bilje,25117,d05
367,Sheffield,13,Male,Bankeryd,48607,d03
368,Rex,08,Male,Żarów,59610,d05
369,Burl,94,Male,Washington,16420,d04
370,Jamey,20,Male,Cergy-Pontoise,62648,d04
371,Thaxter,35,Male,Xinji,84337,d05
372,Darill,35,Male,Tegalsari,54345,d05
373,Florina,48,Female,Västra Frölunda,92810,d03
374,Mathew,32,Male,Kinatakutan,21141,d03
375,Kelcie,83,Female,Nicola Town,34859,d05
376,Hendrick,88,Male,Al Ḩāmūl,65677,d05
377,Ulric,78,Male,Sarzedo,89435,d05
378,Cris,52,Female,Siheyuan,67491,d05
379,Chadd,86,Male,Stockholm,02889,d05
380,Netti,64,Female,Chanika,50683,d04
381,Jana,55,Female,Vacaria,79532,d03
382,Larina,30,Female,Saint-Leu-la-Forêt,84848,d03
383,Breena,57,Female,Libertad,15135,d01
384,Rhodia,47,Female,Paris 15,52629,d05
385,Henriette,09,Female,Dąbrowa,84645,d05
386,Dynah,46,Female,Darvi,80027,d05
387,Fey,14,Female,Alexandroúpoli,80328,d01
388,Arch,41,Male,Itaituba,77970,d05
389,Doll,74,Female,Jabat,72438,d04
390,Claire,33,Male,Nobo,46003,d05
391,Claude,59,Female,Cala,48311,d05
392,Nisse,39,Female,Itapetinga,59946,d05
393,Min,44,Female,La Talaudière,57547,d03
394,Paddy,92,Male,Belogorskīy,74292,d04
395,Christi,67,Female,Ipala,88323,d04
396,Dulcea,63,Female,Camangcamang,31931,d05
397,Minnie,52,Female,Meiktila,55946,d05
398,Holly-anne,98,Female,Municipio de Copacabana,15996,d05
399,Aldis,17,Male,Encontrados,21424,d04
400,Perkin,66,Male,Kawerau,96816,d03
401,Linnell,92,Female,Cicheng,67019,d02
402,Othello,19,Male,El Paisnal,94241,d03
403,Kristos,51,Male,Itaúna,35557,d04
404,Linus,49,Male,Bahorí,90221,d04
405,Biddy,05,Female,Heyan,00940,d05
406,Junie,73,Female,Seaton,87974,d03
407,Mattie,70,Male,Rabat,43581,d04
408,Shay,08,Female,Darhan,91449,d05
409,Birk,53,Male,Veshnyaki,23655,d05
410,Cornelius,40,Male,Ipís,79685,d05
411,Sylvester,95,Male,Saint-Denis,83060,d01
412,Hortensia,35,Female,Banaba,99277,d03
413,Alameda,16,Female,Sleman,21680,d05
414,Jeramey,61,Male,Al Fayyūm,66237,d05
415,Nesta,78,Female,Bobrowice,97919,d02
416,Willis,70,Male,Kilim,32033,d05
417,Atalanta,06,Female,Ar Riqāmā,88344,d05
418,Rhys,56,Male,Banjar Batanpoh,12534,d05
419,Aksel,12,Male,Kaduketug,74079,d05
420,Cari,99,Female,Annecy,44410,d05
421,Bobbie,02,Male,Campraksanta,32088,d02
422,Danette,90,Female,San Francisco,70141,d05
423,Evyn,93,Male,Pondokwungu,20758,d05
424,Rogers,71,Male,Xigou,59095,d04
425,Carlie,17,Female,Otuzco,17694,d05
426,Cissiee,13,Female,Aulnay-sous-Bois,10931,d05
427,Adrienne,71,Female,Amboasary,54683,d04
428,Tybi,34,Female,Khorramdarreh,49387,d05
429,Leroi,21,Male,Mosteiros,31087,d04
430,Pammie,10,Female,Rzepiennik Strzyżewski,10125,d03
431,Farrand,79,Female,Staré Hradiště,88490,d05
432,Ashly,60,Female,Iwŏn-ŭp,83313,d05
433,Sybille,51,Female,Forbach,85326,d04
434,Kurtis,07,Male,Älvsbyn,88232,d05
435,Nealon,23,Male,Yangchun,97381,d04
436,Barnett,44,Male,Bonao,58765,d05
437,Rori,52,Female,Funafuti,09370,d05
438,Johna,18,Female,Yoshii,92327,d05
439,Iggie,01,Male,Ágios Vasíleios,41828,d05
440,Alard,03,Male,Santos,89585,d05
441,Daffy,24,Female,Kropachëvo,56814,d05
442,Querida,23,Female,Khantaghy,06842,d05
443,Ambrosius,45,Male,Zambrów,28836,d02
444,Jemmy,59,Female,Utkivka,19663,d05
445,Katee,83,Female,Joutsa,66894,d05
446,Smith,30,Male,Snizhne,42715,d04
447,Marjie,82,Female,Mpraeso,40019,d05
448,Letty,55,Female,Guintubhan,30666,d05
449,Brander,18,Male,Gora,05009,d05
450,Hew,46,Male,Huyuan,06463,d04
451,Dennet,72,Male,Tuamese,29914,d04
452,Ive,80,Male,Al Ḩazm,06010,d05
453,Jeniece,09,Female,Georgīevka,70492,d05
454,Camey,29,Male,Kedungdoro,32447,d03
455,Britta,21,Female,Val-d'Or,38588,d05
456,Blake,73,Male,Balogo,99907,d01
457,Manny,57,Male,Sangoleng,69632,d05
458,Chiquia,72,Female,Nanjia,29431,d05
459,Glennis,60,Female,Zhangcun,01332,d05
460,Gauthier,55,Male,Nglorogan,50346,d05
461,Lynn,54,Male,Gavião,09897,d04
462,Rem,36,Male,Nanpiao,88450,d05
463,Rosemarie,88,Female,Cangshan,49334,d04
464,Anna-diane,60,Female,Louka,76497,d05
465,Kikelia,78,Female,Shuangpengxi,67676,d01
466,Zilvia,39,Female,Guaxupé,56626,d05
467,Cobby,64,Male,Magole,88726,d03
468,Beauregard,80,Male,Avanca,56615,d05
469,Carry,98,Female,Beiyang,57877,d05
470,Bruno,10,Male,Komletinci,93691,d05
471,Clem,74,Female,Los Palacios,96291,d05
472,Kenyon,34,Male,Gravataí,96143,d05
473,Heidie,68,Female,Jambu,74905,d04
474,Sydney,62,Male,Karjalohja,81426,d03
475,Abigael,56,Female,Caomiao,27999,d04
476,Corabel,05,Female,Xingguo,95137,d03
477,Rogers,52,Male,Mulyoagung,11014,d05
478,Wiley,19,Male,Monastir,27193,d04
479,Kelby,05,Male,Xinzhou,85577,d04
480,Teresita,89,Female,Ash Shaḩānīyah,16870,d04
481,Fletch,57,Male,Santa Rosa de Lima,92845,d05
482,Justine,06,Female,New Kingston,49866,d04
483,Jasper,81,Male,Charlotte,41865,d05
484,Delcina,91,Female,São José de Ribamar,42165,d01
485,Arlin,03,Male,Xiangzikou,60214,d03
486,Christan,62,Female,Jiuguan,10190,d05
487,Isac,90,Male,Jagdaqi,85427,d04
488,Glen,31,Male,Changgou,02847,d04
489,Jameson,17,Male,Margasana,93657,d03
490,Richardo,47,Male,Bogovinje,86290,d05
491,Vyky,31,Female,Kuantan,21822,d05
492,Eadie,80,Female,Binangun,90355,d01
493,Cristionna,46,Female,Poxin,64535,d05
494,Agnes,06,Female,Jaguimitan,81749,d04
495,Solomon,88,Male,Bujaków,16197,d04
496,Carolyne,71,Female,Az Zawr,04482,d04
497,Terry,75,Male,Pā’īn-e Bāzār-e Rūdbār,48330,d05
498,Nyssa,37,Female,Krajan Satu,71191,d04
499,Ilyssa,91,Female,Stąporków,66305,d05
500,Lynett,74,Female,Jiaobei,19279,d05
501,Heida,12,Female,Rydzyna,60593,d03
502,Sondra,90,Female,Presidente Venceslau,75321,d05
503,Ogdon,51,Male,Xixi,86646,d02
504,Artemis,15,Male,Jincun,90686,d03
505,Jerry,24,Male,Ar Ruḩaybah,88443,d05
506,Niles,52,Male,Tuanalepe,22135,d05
507,Marylee,33,Female,Frankfurt am Main,92171,d05
508,Enrika,21,Female,Luocheng,24819,d01
509,Leonard,11,Male,Qiulu,52161,d05
510,Dollie,48,Female,Cruzeiro do Sul,07089,d05
511,Natty,13,Male,Bilje,49661,d03
512,Addie,66,Female,Chucatamani,82639,d03
513,Shari,97,Female,Dīvāndarreh,58451,d01
514,Frank,51,Female,Visoko,11841,d05
515,Eliza,31,Female,Bromma,42245,d04
516,Dorothea,23,Female,Bang Mun Nak,50602,d05
517,Patience,88,Female,Bandjoun,63269,d05
518,Rana,89,Female,Yovon,41770,d05
519,Jonah,53,Male,Xekar,42811,d03
520,Hillel,00,Male,Cielmice,27617,d05
521,Gabbie,73,Male,Kebonan,74963,d05
522,Laurene,49,Female,La Mesa,95448,d05
523,Gianni,45,Male,Sochaux,73355,d05
524,Jillane,54,Female,Xinhe,19364,d03
525,Ingar,38,Male,Sājir,68191,d05
526,Ced,70,Male,Pamotan,68267,d05
527,Dee,99,Female,Phoenix,17465,d04
528,Cynthie,15,Female,Jinzao,61816,d04
529,Lauree,56,Female,Monjas,91440,d02
530,Claudius,11,Male,Paris 08,10859,d05
531,Lemmy,46,Male,Radoboj,12514,d05
532,Orville,86,Male,Chlumec,00002,d04
533,Herby,01,Male,Xumu,07487,d04
534,Starlene,41,Female,Kuršumlija,46231,d05
535,Dillon,53,Male,Cibingbin,96881,d03
536,Atalanta,09,Female,Wangyi Zhendian,50687,d05
537,Guenna,20,Female,Deh-e Now,97847,d05
538,Sunshine,93,Female,Dubki,34503,d04
539,Lydie,03,Female,Rochefort,22496,d05
540,Kissiah,32,Female,Miðvágur,44668,d05
541,Cindi,87,Female,Devnya,19797,d04
542,Jeremias,19,Male,Bateria,87162,d04
543,Juliann,42,Female,Spitak,86406,d05
544,Quincey,66,Male,Fayzabad,86021,d02
545,Jerome,84,Male,Sauri,21675,d05
546,Maryjane,73,Female,São João de Meriti,28556,d05
547,Carmelina,31,Female,Pau,03164,d05
548,Mirilla,00,Female,Arasji,11106,d01
549,Johnath,88,Female,Santisimo Rosario,32088,d04
550,Cora,53,Female,Laiya,49927,d04
551,Kristi,82,Female,Talaibon,70936,d05
552,Worthington,03,Male,Fresnes,78256,d04
553,Berkley,45,Male,Hangzhou,62778,d03
554,Jonas,96,Male,Guadalupe,87839,d04
555,Kellie,40,Female,Salzburg,54279,d03
556,Dexter,34,Male,Duyên Hải,29072,d05
557,Helenelizabeth,65,Female,Matão,46578,d05
558,Erik,42,Male,Bankim,29946,d05
559,Sergeant,63,Male,Sambiyan,85982,d05
560,Gabbey,02,Female,Ciherang,83226,d03
561,Sydelle,45,Female,Saint Louis,23531,d04
562,Judon,23,Male,Alapayevsk,21490,d05
563,Valle,02,Male,Nyazura,20204,d04
564,Orsola,57,Female,Renhe,40892,d05
565,Sheelagh,04,Female,Kokaj,72005,d04
566,Tuesday,24,Female,Pitangui,11635,d05
567,Othilie,36,Female,Ciyu,67667,d05
568,Derby,74,Male,Jiangguanchi,66078,d04
569,Bryanty,08,Male,Jalupang Dua,45842,d04
570,Alford,99,Male,Thạnh Mỹ,93930,d03
571,Jeffrey,02,Male,Catanduva,90798,d05
572,Bret,74,Male,Jampang Tengah,29268,d02
573,Steffi,25,Female,Tsukawaki,11464,d05
574,Ronna,05,Female,Kanungu,77595,d05
575,Tiebold,20,Male,Pokrovskoye,25209,d05
576,Jasper,64,Male,Luhačovice,68453,d04
577,Vito,71,Male,Arroio Grande,41582,d05
578,Grantham,97,Male,Mojorembun,51420,d05
579,Jammie,37,Female,Mashiko,72068,d01
580,Michell,02,Female,Semuda,69158,d05
581,Glenda,11,Female,Fukayachō,14826,d04
582,Odell,33,Male,Cobh,31856,d05
583,Griz,91,Male,Hulín,11952,d05
584,Rafferty,24,Male,Llalli,39608,d05
585,Burr,32,Male,Baipu,35622,d05
586,Alyss,08,Female,Sviblovo,21745,d05
587,Elianora,79,Female,Gangkou,96836,d04
588,Dodie,72,Female,Strasbourg,56140,d05
589,Obediah,09,Male,Nyima,34412,d05
590,Urson,19,Male,Denver,58426,d05
591,Harlin,34,Male,Ticaco,06181,d05
592,Roselia,15,Female,Nässjö,75947,d01
593,Ahmed,31,Male,Hongshan,23712,d05
594,Titus,13,Male,Xinsheng,74211,d05
595,Dun,82,Male,Xinxi,63838,d05
596,Ardra,25,Female,Paris 01,98027,d05
597,Star,91,Female,Dongzaogang,19761,d05
598,Mickie,64,Male,Celorico de Basto,60944,d03
599,Drusi,76,Female,Chum Phae,41055,d05
600,Leanor,49,Female,Kuniran,78935,d05
601,Jania,93,Female,Hekou,10567,d03
602,Jolynn,31,Female,Mahdalynivka,65462,d05
603,Hollyanne,36,Female,Gharyan,04282,d05
604,Elsey,60,Female,Wangping,00569,d05
605,Fae,26,Female,Paço,11523,d05
606,Blair,41,Male,Meijiang,57696,d03
607,Nolly,97,Male,San Andrés,80112,d05
608,Kennedy,75,Male,Lubango,48668,d02
609,Marchelle,47,Female,Ombul Barat,05572,d02
610,Les,21,Male,Maofan,00147,d03
611,Lesley,99,Female,Linglong,29785,d05
612,Humfrey,04,Male,Passo,17902,d05
613,Cosetta,51,Female,Itapetinga,80484,d04
614,Rollin,44,Male,Salamá,54141,d03
615,Gabriel,54,Female,San Antonio,22420,d02
616,Artemis,59,Male,Ţāqchah Khānah,80324,d05
617,Magda,68,Female,Rawuk,14954,d04
618,Archambault,52,Male,Vel’sk,11519,d05
619,Tremaine,38,Male,Khuzdār,87410,d03
620,Gussie,62,Female,Owczarnia,84790,d05
621,Hanni,78,Female,Dasht-e Qal‘ah,31371,d04
622,Roselia,50,Female,Miaoling,06454,d04
623,Ingeberg,87,Female,Hultsfred,67328,d03
624,Sergio,43,Male,Vostochnoe Degunino,55215,d03
625,Shaina,27,Female,Pijao,12000,d04
626,Kevyn,82,Female,Tirapata,45160,d04
627,Odelia,70,Female,Zangbi,54853,d05
628,Stewart,90,Male,Carrières-sur-Seine,97093,d04
629,Farah,18,Female,Guali,65198,d03
630,Jamal,81,Male,Laranjeiras do Sul,32599,d02
631,Ethe,95,Male,Sacramento,57114,d05
632,Nicol,76,Male,Alicia,17431,d05
633,Bobine,37,Female,Boliney,74559,d05
634,Bernadine,75,Female,La Victoria,52947,d02
635,Maximilian,92,Male,Beichengqu,99950,d02
636,Hilda,85,Female,Krajan,05327,d05
637,Cole,77,Male,Heerlen,65854,d05
638,Oberon,65,Male,Huanggexi,01743,d05
639,Mortimer,69,Male,Nice,54065,d03
640,Lucienne,69,Female,Pederneiras,95301,d05
641,Minnie,45,Female,Walichnowy,57763,d01
642,Gaultiero,04,Male,Keswick,36978,d04
643,Ada,30,Female,Jiaoziya,43589,d05
644,Augustina,18,Female,Itacarambi,95178,d03
645,Rudolph,30,Male,Bor,26914,d05
646,Todd,01,Male,Kalahang,32445,d05
647,Cate,31,Female,Périgny,96212,d05
648,Antonietta,32,Female,Del Valle,50705,d04
649,Alessandro,58,Male,Tajur,01196,d01
650,Sanford,32,Male,Al ‘Aqabah,74288,d05
651,Rivalee,11,Female,Pulosari,44022,d05
652,Chevalier,58,Male,Huangmei,15791,d05
653,Lyell,14,Male,Kendung Timur,44108,d05
654,Mikey,33,Male,Jiangcun,79796,d05
655,Osmund,23,Male,Soho,14993,d05
656,Ric,69,Male,Jinling,57224,d05
657,Etty,13,Female,Nzérékoré,04740,d04
658,Kiley,63,Male,Saint-Jean-de-Monts,19139,d01
659,Stinky,68,Male,Nova Petrópolis,59523,d05
660,Camilla,46,Female,Guay,59684,d05
661,Jennette,56,Female,Nāḩiyat as Sab‘ Biyār,27116,d05
662,Moishe,01,Male,Qadsīyā,03661,d05
663,Felicia,50,Female,Zhongfan,44718,d05
664,Kurt,97,Male,Taiping,15310,d01
665,Wolf,19,Male,Fontenay-sous-Bois,38073,d05
666,Ardyce,37,Female,Candelária,65280,d03
667,Jonathon,08,Male,Olyshivka,80876,d05
668,Sky,93,Male,Stare Pole,22118,d04
669,Hort,20,Male,Andaray,22889,d02
670,Iggy,39,Male,Beihuaidian,19792,d04
671,Thaddus,77,Male,Caomiao,69430,d05
672,Jerad,56,Male,Chengjiao,15064,d04
673,Evangelin,90,Female,Oygon,89570,d03
674,Bondon,11,Male,Châteauroux,04418,d04
675,Sebastian,70,Male,Basqal,87570,d04
676,Bonnie,53,Female,Nancha,44629,d04
677,Moira,00,Female,Cernay,55343,d05
678,Averil,98,Male,Vilela,53982,d05
679,Cyndie,50,Female,Pianbai,66354,d05
680,Jobi,61,Female,Banjar Susut Kaja,34918,d04
681,Cob,15,Male,Kanda,71244,d04
682,Donn,79,Male,Barreira,98203,d05
683,Guglielmo,86,Male,Abonnema,20602,d05
684,Meridith,85,Female,Maria Aurora,61108,d04
685,Ulises,67,Male,Gaocheng,02895,d03
686,Veda,44,Female,Al Khafsah,02297,d04
687,Adelina,45,Female,Molinos,46770,d04
688,Liam,09,Male,Bafatá,09218,d03
689,Glynn,34,Male,Zhujiang,82382,d02
690,Silvia,56,Female,Sambong,01856,d03
691,Pavia,77,Female,Guangping,21225,d05
692,Elnore,67,Female,San Pedro Apartado,39161,d04
693,Micheline,76,Female,Belém,40997,d05
694,Violetta,07,Female,An Nāşirīyah,52239,d05
695,Terrel,37,Male,Ibrā’,67205,d05
696,Amos,92,Male,Chagou,26452,d04
697,Ramon,23,Male,Businovo,45910,d03
698,Maximilien,40,Male,Guadalupe,73952,d05
699,Clari,42,Female,Tangxi,29692,d03
700,Tonia,10,Female,Tuntum,80754,d05
701,Tarrance,11,Male,La Hacienda,90107,d05
702,Alix,71,Female,Shazi,68589,d04
703,Edyth,24,Female,Sundsvall,58616,d04
704,Isa,40,Female,Nowy Korczyn,65119,d05
705,Burt,29,Male,Hulei,74653,d05
706,Jeanelle,30,Female,Båstad,50650,d02
707,Pauli,02,Female,Ubonratana,64016,d05
708,Ewart,40,Male,Santa Rita,15801,d05
709,Monti,73,Male,Malaga,24155,d05
710,Isidora,78,Female,Zaoshi,51870,d03
711,Flory,90,Male,Desa Werasari,65181,d02
712,Carol,57,Female,Nunhala,38100,d04
713,Jori,29,Female,La Escondida,40950,d05
714,Clara,56,Female,Hengjing,38980,d05
715,Geoff,98,Male,Suileng,18108,d03
716,Irving,05,Male,Thakhèk,27036,d03
717,Norma,63,Female,Tahara,47283,d04
718,Zola,75,Female,Zhangatas,40410,d05
719,Elisha,46,Female,Nantes,06279,d05
720,Kylie,74,Male,Made,26107,d03
721,Frederigo,06,Male,Gosë e Madhe,20693,d03
722,Kirbie,19,Female,Babao,91731,d04
723,Kelsy,75,Female,Negotino,29358,d02
724,Lauri,34,Female,Ankazoabo,64200,d05
725,Hinda,48,Female,Merritt,43142,d05
726,Heidi,08,Female,Gualmatán,83387,d05
727,Audrye,27,Female,Westport,18027,d05
728,Sutherlan,88,Male,Dalarik,57954,d03
729,Northrup,43,Male,Ḩurayḑah,84938,d04
730,Teodoro,85,Male,Jingouhe,40950,d04
731,Catherin,24,Female,Linares,64421,d05
732,Towny,97,Male,Infonavit,37273,d04
733,Ynez,91,Female,Sumaré,77929,d04
734,Lynnea,00,Female,Kattaqo’rg’on,71003,d02
735,Tanney,38,Male,Dengfang,39721,d05
736,Michele,68,Male,San Miguel,89983,d02
737,Giana,33,Female,Veldhoven,29378,d05
738,Ethe,57,Male,Yulin,89703,d03
739,Alexis,62,Male,Przytyk,13567,d05
740,Vittorio,50,Male,Issa,68791,d04
741,Bartholomew,84,Male,Yinjiacheng,86449,d05
742,Rowan,25,Male,Parychy,55876,d04
743,Mace,15,Male,Ponong,12437,d05
744,Celina,73,Female,Aného,46526,d05
745,Eadie,12,Female,Eskilstuna,86152,d05
746,Ruby,48,Male,Kobryn,97991,d04
747,Daveen,46,Female,Phù Mỹ,08997,d05
748,Lutero,97,Male,Medenychi,94930,d02
749,Talbot,83,Male,Jenesano,04147,d04
750,Carroll,42,Male,Mont-Laurier,14465,d03
751,Jarvis,51,Male,Kaliuling,43854,d05
752,Granthem,16,Male,Bojonggenteng,46689,d05
753,Zak,26,Male,Basak,44318,d05
754,Mariam,58,Female,Kundung,82740,d04
755,Kin,84,Male,Bastia,69067,d05
756,Brigham,46,Male,Qingu,48071,d04
757,Morton,90,Male,Paungde,90275,d04
758,Yale,56,Male,Tuapse,04161,d05
759,Lilllie,20,Female,Bagadó,79612,d05
760,Jourdain,03,Male,Sal’sk,38358,d04
761,Astra,34,Female,An Nāşirīyah,22148,d05
762,Angela,73,Female,Adorjan,29985,d02
763,Harri,64,Female,Nyazepetrovsk,61934,d03
764,Felipe,95,Male,Chahannao,54902,d05
765,Jobey,35,Female,Taliouine,16098,d04
766,Josephine,22,Female,Bahāwalpur,62644,d04
767,Charin,93,Female,Karlstad,16003,d04
768,Nike,71,Female,Uchaly,85628,d05
769,Bobbi,15,Female,Västerås,18808,d05
770,Gusta,97,Female,Fartura,15064,d05
771,Fanny,28,Female,Tambopata,91582,d05
772,Carissa,11,Female,Lyon,59808,d04
773,Beverlie,47,Female,Longtian,73591,d05
774,Colly,93,Female,Puyehue,24364,d01
775,Wat,87,Male,Palmital,53970,d04
776,Ricki,46,Male,Palocabildo,14334,d03
777,Lindsey,92,Female,Ha,83256,d05
778,Jemie,40,Female,Augsburg,22156,d05
779,Gilbert,93,Male,Meshcherino,53244,d04
780,Demott,42,Male,Konakridee,54308,d04
781,Blinnie,28,Female,Orurillo,26787,d02
782,Neala,37,Female,Pontes,77464,d05
783,Lewiss,47,Male,Xushan,16809,d02
784,Clementius,54,Male,Arbois,74513,d05
785,Bel,37,Female,Mauhao,92594,d04
786,Janeen,26,Female,Maiorca,50820,d05
787,Kara-lynn,74,Female,Rū-ye Sang,97973,d05
788,Giselbert,31,Male,Líbeznice,87235,d05
789,Riane,79,Female,Zushi,63996,d02
790,Merell,13,Male,Pakapasan Girang,81668,d03
791,Reagan,44,Male,Si Khoraphum,35459,d04
792,Rachelle,37,Female,Pančevo,07447,d05
793,Reeba,85,Female,Oslo,88908,d04
794,Phaidra,07,Female,Zhongxi,55783,d05
795,Stefan,57,Male,Shuangxing,87304,d05
796,Mathilde,16,Female,Nikulino,12728,d04
797,Eustace,34,Male,Paghmān,57090,d04
798,Elisa,35,Female,Gapluk,54374,d05
799,Sutherland,07,Male,Adolfo Lopez Mateos,88661,d01
800,Silvio,91,Male,Beiyang,36275,d02
801,Ax,20,Male,La Paz,33265,d02
802,Gay,39,Male,Paris 14,02706,d05
803,Sher,81,Female,Baqiu,59162,d05
804,Silvanus,21,Male,Smolyan,06138,d05
805,Glyn,76,Female,Empório,54610,d05
806,Hermina,12,Female,Skaryszew,45887,d05
807,Myron,81,Male,Bāsawul,62132,d04
808,Rutger,26,Male,Chust Shahri,59857,d04
809,Uriah,55,Male,Huangmei,42929,d05
810,Harv,47,Male,Togur,10149,d03
811,Stanislaw,98,Male,Rosebank,99272,d03
812,Jeanna,28,Female,Xinxiang,42053,d05
813,Andria,15,Female,Tugu,59031,d04
814,Flynn,28,Male,Capâo Bonito,61136,d05
815,Katalin,56,Female,Kabale,05826,d05
816,Dan,41,Male,Pamotan,35984,d05
817,Ware,41,Male,Kampong Cham,54062,d05
818,Melisenda,24,Female,Bochum,64181,d01
819,Dela,21,Female,At-Bashi,95923,d04
820,Alfi,54,Female,Dengfang,22272,d05
821,Samantha,63,Female,Banjar Ponggang,25718,d05
822,Thorvald,26,Male,Qiganjidie,20613,d04
823,Trip,27,Male,Valle Grande,66841,d04
824,Ermanno,45,Male,Tuburan,00171,d04
825,Gannon,01,Male,Gengcheng,08235,d05
826,Reade,35,Male,Hvozdná,00179,d03
827,Alain,93,Male,Radzyń Chełmiński,18675,d04
828,Giulio,16,Male,Sabi,57387,d05
829,Belia,36,Female,Kardzhin,16525,d04
830,Isobel,95,Female,Cornillon,75798,d05
831,Melania,72,Female,Gaojia,13609,d05
832,Arty,83,Male,Huanghua,28461,d03
833,Sibelle,00,Female,Kendayakan,77328,d03
834,Killie,30,Male,Jīt,01441,d04
835,Maybelle,13,Female,Honiara,80313,d03
836,Krispin,83,Male,Ayní,35599,d04
837,Floyd,09,Male,Huaizhong,59285,d03
838,Enoch,11,Male,Lusaka,64031,d05
839,Keane,22,Male,Harding,03560,d05
840,Frederique,98,Female,Carahue,60034,d05
841,Jordan,28,Female,Baikouquan,30797,d04
842,Hugues,35,Male,Woodford Hill,89038,d05
843,Dory,47,Male,Musanze,30196,d05
844,Corabelle,46,Female,Stěbořice,57272,d03
845,Jay,12,Male,Aranitas,93090,d05
846,Fremont,69,Male,Malaga,51546,d05
847,Herculie,95,Male,Vose’,33962,d04
848,Denis,98,Male,Banjar Bias,43151,d03
849,Gertrudis,10,Female,Hörby,75006,d05
850,Dante,44,Male,Loutrós,68605,d05
851,Lucia,15,Female,Midleton,58095,d05
852,Lock,49,Male,São Paio Merelim,08448,d05
853,Paige,60,Male,Sami,64698,d05
854,Worth,64,Male,Três Corações,83293,d03
855,Sal,52,Male,Zapolyarnyy,80153,d01
856,Larisa,41,Female,Choloma,09677,d05
857,Jameson,65,Male,Micoud,40942,d03
858,Inigo,32,Male,San Miguel Ixtahuacán,21949,d05
859,Norry,79,Male,San Lucas,43671,d03
860,Thorpe,87,Male,Shiziqiao,33343,d05
861,Uri,03,Male,San Carlos,34884,d05
862,Ardeen,99,Female,Libas,10912,d05
863,Gene,09,Male,Salgado,31633,d03
864,Lynn,80,Male,Tengger,79205,d05
865,Katey,31,Female,Qingshi,46546,d04
866,Stefania,60,Female,Trenton,02754,d05
867,Dulsea,23,Female,Yunmeng Chengguanzhen,30007,d05
868,Brandais,41,Female,Kukuna,15460,d05
869,Olin,54,Male,Dublje,10726,d04
870,Helsa,76,Female,Białobrzegi,22332,d05
871,Pearline,29,Female,San Miguel,50066,d01
872,Aloysius,10,Male,Dejen,22307,d04
873,Remington,22,Male,Shalizhai,76303,d05
874,Ansley,58,Female,Tenggina Daya,77903,d05
875,Leonora,88,Female,Bhamo,12625,d05
876,Happy,77,Female,Firovo,66343,d05
877,Chen,07,Male,Hoorn,86612,d04
878,Aluino,16,Male,Anderstorp,94220,d04
879,Lennard,57,Male,Penteado,72783,d05
880,Celisse,28,Female,Xinglong,48075,d01
881,Cherise,34,Female,Oni,67456,d05
882,Erskine,41,Male,Tomas,35635,d05
883,Dominik,74,Male,Medenine,68580,d05
884,Zollie,66,Male,Gejiu,86012,d05
885,Kay,84,Female,Jetafe,36669,d04
886,Prudi,55,Female,Jinkou,05459,d04
887,Berthe,12,Female,Cangzhou,61972,d05
888,Richy,18,Male,Uppsala,76728,d05
889,Nikkie,70,Female,Pingli,32109,d05
890,Jordon,39,Male,Apurawan,43093,d02
891,Rasla,63,Female,Gaotuan,18528,d05
892,Emeline,15,Female,Portland,58389,d05
893,Ashton,45,Male,Boulsa,21482,d04
894,Calhoun,56,Male,São João dos Inhamuns,87593,d05
895,Babs,46,Female,Nueva Imperial,36113,d04
896,Selina,01,Female,Pudong,77888,d03
897,Clareta,39,Female,Tchamba,64464,d02
898,Wendeline,91,Female,Shuangzhong,56516,d05
899,Dannye,93,Female,Tilang,29267,d04
900,Andra,90,Female,Ambunti,42493,d05
901,Peder,56,Male,Lancai,22679,d05
902,Darrelle,37,Female,Liuji,38057,d05
903,Zia,14,Female,Arvayheer,51618,d05
904,Ruperta,52,Female,Coronel Fabriciano,59057,d05
905,Maribelle,49,Female,Padre Bernardo,31022,d05
906,Saw,14,Male,Bobrov,18876,d03
907,Tull,06,Male,Kristiansand S,02011,d05
908,Artemus,75,Male,San Juan,92182,d04
909,Edin,76,Female,Gálvez,12155,d05
910,Marylinda,97,Female,Nancy,27798,d01
911,Rudolf,22,Male,Omigawa,30331,d05
912,Gabriella,09,Female,Whittier,29153,d04
913,Wadsworth,13,Male,Xujiafang,45291,d04
914,Modesta,70,Female,Mondragon,94245,d03
915,Clayton,06,Male,Yanggu,84124,d05
916,Meredeth,88,Male,Nanjiao,29400,d01
917,Iolande,77,Female,Várzea Grande,46901,d03
918,Dayna,92,Female,Zhanaozen,69217,d04
919,Pierson,27,Male,Al Minyā,05462,d05
920,Derwin,68,Male,Sarykemer,88270,d03
921,Bald,16,Male,Ash Shuhadā’,27329,d05
922,Audy,90,Female,Ciduren,51561,d03
923,Nevins,53,Male,Barda,03103,d05
924,Cleo,49,Female,Hekou,34547,d03
925,Humbert,51,Male,Nama,56659,d02
926,Keary,16,Male,Hazlov,02578,d05
927,Staci,14,Female,Unquillo,04516,d04
928,Pat,20,Female,Jiangdianzi,48285,d04
929,Darin,96,Male,Ambar,51783,d05
930,Karoly,88,Female,Xiongbei,84948,d05
931,Tab,37,Male,Haifa,79000,d05
932,Anstice,73,Female,Yuefeng,28131,d01
933,Eddie,63,Male,Huanuni,34128,d01
934,Tomaso,40,Male,Keluke,25296,d03
935,Gib,56,Male,Huazhai,37850,d05
936,Pauletta,14,Female,Sargodha,01444,d05
937,Wallie,26,Female,Novopokrovskaya,58351,d04
938,Victor,36,Male,Senlis,93517,d05
939,Hazel,84,Female,Privodino,13142,d05
940,Chryste,50,Female,Sukarame,73475,d05
941,Peyter,50,Male,Cilongkrangpusaka,41511,d03
942,Krystal,77,Female,Salto,54657,d04
943,Leigha,76,Female,Tupaciguara,15409,d04
944,Lyda,59,Female,Agrínio,48869,d04
945,Lindsay,82,Female,Sunduan,95480,d04
946,Reginald,65,Male,Dumaguete,21804,d05
947,Jamaal,85,Male,Kampungladang,64910,d02
948,Yvor,87,Male,La Condamine,53426,d05
949,Laverne,54,Female,Jiuhe,94699,d03
950,Kelly,96,Female,Florida,95727,d05
951,Gerti,79,Female,Zhengcun,65218,d04
952,Mamie,84,Female,Mercaderes,93491,d01
953,Laurel,99,Female,Barrouallie,43310,d04
954,Rolfe,28,Male,New Bedford,01547,d02
955,Nevins,12,Male,Razgrad,16281,d03
956,Auguste,21,Female,Luxi,43839,d03
957,Merwin,59,Male,Pontivy,35804,d05
958,Avivah,57,Female,Ralevka,52269,d03
959,Ken,53,Male,Kola,94065,d02
960,Bryanty,89,Male,Baoxu,70887,d03
961,Nikolia,86,Female,Krujë,36626,d04
962,Clemente,08,Male,Qinglung,53367,d05
963,Dill,38,Male,Bolian,79087,d05
964,Francis,39,Male,Chyżne,14633,d02
965,Trude,27,Female,Buenavista,04495,d05
966,Garrard,09,Male,Munduk,88167,d05
967,Chet,94,Male,Jianggao,77651,d02
968,Jack,79,Male,Korop,97254,d05
969,Milty,83,Male,Fengle,54149,d05
970,Denney,52,Male,Yanshan,26045,d03
971,Mack,77,Male,Klimovsk,77950,d05
972,Aurel,98,Female,Limoeiro do Ajuru,97438,d03
973,Bartholomeo,68,Male,Sanski Most,46707,d05
974,Chaunce,61,Male,Cancas,60461,d04
975,Bruno,05,Male,Nasilava,47765,d01
976,Angel,70,Male,Vårby,62972,d01
977,Loutitia,33,Female,Petrodvorets,81035,d05
978,Desirae,82,Female,Kozloduy,92748,d01
979,Brig,75,Male,Grand Rapids,75456,d05
980,Anet,98,Female,Bang Krathum,23112,d05
981,Arney,35,Male,Tomislavgrad,90103,d05
982,Nomi,30,Female,Coyah,49289,d05
983,Nathalie,38,Female,Zhangdian,14979,d05
984,Ian,64,Male,Minokamo,23800,d05
985,Ryley,52,Male,Az Zāhir,59845,d05
986,Christiano,04,Male,Fuyang,71206,d03
987,Christalle,75,Female,Okaya,17015,d03
988,Katalin,77,Female,Twyford,56649,d05
989,Hazel,05,Female,Bopu,55671,d05
990,Maryellen,02,Female,Op,18990,d03
991,Reid,90,Male,Nongoma,47857,d03
992,Rhodia,87,Female,Datong,63056,d03
993,Florian,09,Male,Changtan,79336,d05
994,Maurita,83,Female,Khao Yoi,05826,d05
995,Rolf,91,Male,Tagiura,89290,d05
996,Camille,06,Female,Pilar,35997,d05
997,Harbert,53,Male,Sentani,92592,d05
998,Grayce,89,Female,Natonin,30581,d05
999,Luciano,52,Male,Kaeng Khoi,44416,d03
1000,Holmes,28,Male,Le Perreux-sur-Marne,96024,d05
